tsexec_date,tsexec_time,command,resp_fname
2026-03-19,14:45:00,echo_back_args(2026-03-19 at 14:45:00),agenda_testing.txt
2026-03-19,14:45:02,echo_back_args(2026-03-19 at 14:45:02),agenda_testing.txt
2026-03-19,14:45:04,echo_back_args(2026-03-19 at 14:45:04),agenda_testing.txt
2026-03-19,14:45:06,echo_back_args(2026-03-19 at 14:45:06),agenda_testing.txt
2026-03-19,14:45:08,echo_back_args(2026-03-19 at 14:45:08),agenda_testing.txt
2026-03-19,14:45:10,echo_back_args(2026-03-19 at 14:45:10),agenda_testing.txt
2026-03-19,14:45:12,echo_back_args(2026-03-19 at 14:45:12),agenda_testing.txt
2026-03-19,14:45:14,echo_back_args(2026-03-19 at 14:45:14),agenda_testing.txt
2026-03-19,14:45:16,echo_back_args(2026-03-19 at 14:45:16),agenda_testing.txt
2026-03-19,14:45:18,echo_back_args(2026-03-19 at 14:45:18),agenda_testing.txt
2026-03-19,14:45:20,echo_back_args(2026-03-19 at 14:45:20),agenda_testing.txt
2026-03-19,14:45:22,echo_back_args(2026-03-19 at 14:45:22),agenda_testing.txt
2026-03-19,14:45:24,echo_back_args(2026-03-19 at 14:45:24),agenda_testing.txt
2026-03-19,14:45:26,echo_back_args(2026-03-19 at 14:45:26),agenda_testing.txt
2026-03-19,14:45:28,echo_back_args(2026-03-19 at 14:45:28),agenda_testing.txt
2026-03-19,14:45:30,echo_back_args(2026-03-19 at 14:45:30),agenda_testing.txt
2026-03-19,14:45:32,echo_back_args(2026-03-19 at 14:45:32),agenda_testing.txt
2026-03-19,14:45:34,echo_back_args(2026-03-19 at 14:45:34),agenda_testing.txt
2026-03-19,14:45:36,echo_back_args(2026-03-19 at 14:45:36),agenda_testing.txt
2026-03-19,14:45:38,echo_back_args(2026-03-19 at 14:45:38),agenda_testing.txt
2026-03-19,14:45:40,echo_back_args(2026-03-19 at 14:45:40),agenda_testing.txt
2026-03-19,14:45:42,echo_back_args(2026-03-19 at 14:45:42),agenda_testing.txt
2026-03-19,14:45:44,echo_back_args(2026-03-19 at 14:45:44),agenda_testing.txt
2026-03-19,14:45:46,echo_back_args(2026-03-19 at 14:45:46),agenda_testing.txt
2026-03-19,14:45:48,echo_back_args(2026-03-19 at 14:45:48),agenda_testing.txt
2026-03-19,14:45:50,echo_back_args(2026-03-19 at 14:45:50),agenda_testing.txt
2026-03-19,14:45:52,echo_back_args(2026-03-19 at 14:45:52),agenda_testing.txt
2026-03-19,14:45:54,echo_back_args(2026-03-19 at 14:45:54),agenda_testing.txt
2026-03-19,14:45:56,echo_back_args(2026-03-19 at 14:45:56),agenda_testing.txt
2026-03-19,14:45:58,echo_back_args(2026-03-19 at 14:45:58),agenda_testing.txt
2026-03-19,14:46:00,echo_back_args(2026-03-19 at 14:46:00),agenda_testing.txt
2026-03-19,14:46:02,echo_back_args(2026-03-19 at 14:46:02),agenda_testing.txt
2026-03-19,14:46:04,echo_back_args(2026-03-19 at 14:46:04),agenda_testing.txt
2026-03-19,14:46:06,echo_back_args(2026-03-19 at 14:46:06),agenda_testing.txt
2026-03-19,14:46:08,echo_back_args(2026-03-19 at 14:46:08),agenda_testing.txt
2026-03-19,14:46:10,echo_back_args(2026-03-19 at 14:46:10),agenda_testing.txt
2026-03-19,14:46:12,echo_back_args(2026-03-19 at 14:46:12),agenda_testing.txt
2026-03-19,14:46:14,echo_back_args(2026-03-19 at 14:46:14),agenda_testing.txt
2026-03-19,14:46:16,echo_back_args(2026-03-19 at 14:46:16),agenda_testing.txt
2026-03-19,14:46:18,echo_back_args(2026-03-19 at 14:46:18),agenda_testing.txt
2026-03-19,14:46:20,echo_back_args(2026-03-19 at 14:46:20),agenda_testing.txt
2026-03-19,14:46:22,echo_back_args(2026-03-19 at 14:46:22),agenda_testing.txt
2026-03-19,14:46:24,echo_back_args(2026-03-19 at 14:46:24),agenda_testing.txt
2026-03-19,14:46:26,echo_back_args(2026-03-19 at 14:46:26),agenda_testing.txt
2026-03-19,14:46:28,echo_back_args(2026-03-19 at 14:46:28),agenda_testing.txt
2026-03-19,14:46:30,echo_back_args(2026-03-19 at 14:46:30),agenda_testing.txt
2026-03-19,14:46:32,echo_back_args(2026-03-19 at 14:46:32),agenda_testing.txt
2026-03-19,14:46:34,echo_back_args(2026-03-19 at 14:46:34),
2026-03-19,14:46:36,echo_back_args(2026-03-19 at 14:46:36),agenda_testing.txt
